date,cruise_ship_flag,ships_in_port_count,cruise_passenger_estimate
2024-04-15,1,1,1500
2024-04-23,1,1,1500
2024-04-25,1,1,1500
2024-04-27,1,1,1500
2024-05-05,1,1,1500
2024-05-06,1,1,1500
2024-05-07,1,1,1500
2024-05-10,1,1,1500
2024-05-13,1,1,1500
2024-05-14,1,1,1500
2024-05-17,1,1,1500
2024-05-18,1,1,1500
2024-05-19,1,1,1500
2024-05-21,1,1,1500
2024-05-22,1,1,1500
2024-05-26,1,1,1500
2024-05-30,1,2,3000
2024-05-31,1,1,1500
2024-06-02,1,1,1500
2024-06-03,1,1,1500
2024-06-06,1,1,1500
2024-06-07,1,1,1500
2024-06-10,1,1,1500
2024-06-12,1,1,1500
2024-06-14,1,1,1500
2024-06-16,1,1,1500
2024-06-20,1,1,1500
2024-06-22,1,1,1500
2024-06-23,1,1,1500
2024-06-26,1,1,1500
2024-06-27,1,1,1500
2024-06-29,1,1,1500
2024-06-30,1,1,1500
2024-07-01,1,1,1500
2024-07-02,1,1,1500
2024-07-04,1,1,1500
2024-07-05,1,1,1500
2024-07-06,1,1,1500
2024-07-08,1,1,1500
2024-07-09,1,1,1500
2024-07-17,1,1,1500
2024-07-20,1,1,1500
2024-07-22,1,1,1500
2024-07-25,1,1,1500
2024-07-28,1,1,1500
2024-07-29,1,2,3000
2024-07-31,1,1,1500
2024-08-01,1,1,1500
2024-08-02,1,1,1500
2024-08-08,1,1,1500
2024-08-09,1,1,1500
2024-08-10,1,1,1500
2024-08-11,1,1,1500
2024-08-13,1,1,1500
2024-08-14,1,2,3000
2024-08-15,1,1,1500
2024-08-20,1,1,1500
2024-08-22,1,2,3000
2024-08-24,1,1,1500
2024-08-25,1,1,1500
2024-08-27,1,1,1500
2024-08-28,1,1,1500
2024-08-29,1,1,1500
2024-08-30,1,1,1500
2024-09-02,1,1,1500
2024-09-03,1,1,1500
2024-09-05,1,1,1500
2024-09-06,1,1,1500
2024-09-07,1,1,1500
2024-09-11,1,1,1500
2024-09-15,1,1,1500
2024-09-16,1,1,1500
2024-09-21,1,1,1500
2024-09-27,1,1,1500
2024-09-30,1,1,1500
2025-03-27,1,1,930
2025-04-16,1,1,930
2025-04-21,1,1,3592
2025-04-24,1,1,930
2025-05-05,1,1,1500
2025-05-09,1,1,187
2025-05-10,1,1,930
2025-05-13,1,2,3444
2025-05-15,1,1,3391
2025-05-16,1,1,200
2025-05-18,1,1,936
2025-05-24,1,1,3592
2025-05-28,1,1,1498
2025-05-30,1,1,1321
2025-06-02,1,1,312
2025-06-04,1,1,2174
2025-06-05,1,1,930
2025-06-07,1,1,1380
2025-06-08,1,1,1500
2025-06-09,1,1,3391
2025-06-11,1,1,144
2025-06-12,1,1,930
2025-06-13,1,1,930
2025-06-14,1,1,626
2025-06-15,1,1,809
2025-06-17,1,1,3592
2025-06-26,1,1,1500
2025-06-29,1,1,3592
2025-07-03,1,1,809
2025-07-05,1,1,930
2025-07-14,1,1,456
2025-07-15,1,1,2174
2025-07-16,1,1,2914
2025-07-23,1,1,2914
2025-07-24,1,1,3592
2025-07-25,1,1,930
2025-07-26,1,1,510
2025-07-28,1,1,312
2025-07-29,1,1,450
2025-07-31,1,1,930
2025-08-02,1,1,930
2025-08-04,1,1,730
2025-08-05,1,1,2914
2025-08-06,1,1,700
2025-08-07,1,1,1838
2025-08-08,1,1,930
2025-08-09,1,1,2500
2025-08-10,1,1,312
2025-08-11,1,1,1321
2025-08-12,1,1,450
2025-08-13,1,1,2914
2025-08-15,1,1,930
2025-08-16,1,1,3592
2025-08-17,1,1,133
2025-08-19,1,1,1258
2025-08-22,1,1,1321
2025-08-23,1,1,1500
2025-08-24,1,1,809
2025-08-26,1,1,2914
2025-08-28,1,1,2770
2025-08-29,1,1,1258
2025-08-30,1,1,930
2025-09-03,1,1,2914
2025-09-04,1,1,930
2025-09-06,1,1,1144
2025-09-07,1,1,930
2025-09-10,1,1,2376
2025-09-12,1,1,3592
2025-09-19,1,1,3592
2025-09-20,1,1,596
2025-09-23,1,1,420
2025-09-26,1,1,2174
2025-09-27,1,1,930
2025-09-28,1,1,930
2025-09-30,1,1,3592
2026-04-03,1,1,930
2026-04-07,1,1,930
2026-04-15,1,1,930
2026-04-20,1,1,3560
2026-04-24,1,1,1807
2026-05-10,1,1,930
2026-05-11,1,1,3391
2026-05-12,1,1,3148
2026-05-13,1,1,4345
2026-05-14,1,1,3560
2026-05-20,1,1,2174
2026-05-24,1,1,2480
2026-05-25,1,1,3560
2026-05-28,1,1,930
2026-06-01,1,1,2480
2026-06-03,1,1,516
2026-06-04,1,1,930
2026-06-05,1,1,2124
2026-06-06,1,1,1258
2026-06-07,1,1,3560
2026-06-08,1,1,930
2026-06-09,1,1,930
2026-06-10,1,1,2480
2026-06-12,1,1,930
2026-06-16,1,1,1321
2026-06-17,1,1,930
2026-06-21,1,1,998
2026-06-25,1,1,2480
2026-06-26,1,1,809
2026-06-30,1,1,2480
2026-07-06,1,1,1500
2026-07-07,1,1,3148
2026-07-08,1,1,624
2026-07-10,1,2,4000
2026-07-11,1,1,930
2026-07-13,1,1,3560
2026-07-15,1,1,1500
2026-07-16,1,1,2480
2026-07-17,1,1,1500
2026-07-18,1,1,936
2026-07-19,1,1,930
2026-07-20,1,2,2880
2026-07-21,1,1,3391
2026-07-22,1,1,2174
2026-07-23,1,1,2480
2026-07-25,1,1,930
2026-07-26,1,1,700
2026-07-28,1,1,740
2026-08-02,1,1,930
2026-08-03,1,1,2124
2026-08-05,1,1,3148
2026-08-06,1,1,2480
2026-08-07,1,2,3551
2026-08-08,1,1,781
2026-08-09,1,2,624
2026-08-10,1,1,3560
2026-08-11,1,2,2521
2026-08-15,1,1,2480
2026-08-18,1,1,3560
2026-08-22,1,1,930
2026-08-24,1,1,2124
2026-08-28,1,1,930
2026-08-29,1,1,3560
2026-08-30,1,1,930
2026-08-31,1,3,3905
2026-09-01,1,1,3391
2026-09-02,1,1,2174
2026-09-04,1,1,930
2026-09-05,1,2,1042
2026-09-06,1,1,4345
2026-09-10,1,1,930
2026-09-13,1,1,930
2026-09-16,1,2,2705
2026-09-18,1,1,930
2026-09-19,1,1,803
2026-09-21,1,1,998
2026-09-23,1,1,809
2026-09-25,1,1,930
2027-04-03,1,1,2000
2027-04-04,1,1,2000
2027-04-06,1,1,2000
2027-04-10,1,1,2000
2027-04-22,1,1,2000
2027-04-24,1,1,2000
2027-05-01,1,1,2000
2027-05-02,1,1,2000
2027-05-04,1,1,2000
2027-05-09,1,1,2000
2027-05-10,1,1,2000
2027-05-11,1,1,2000
2027-05-12,1,1,2000
2027-05-14,1,1,2000
2027-05-16,1,1,2000
2027-05-18,1,1,2000
2027-05-19,1,1,2000
2027-05-22,1,1,2000
2027-05-24,1,1,2000
2027-05-27,1,1,2000
2027-05-29,1,1,2000
2027-05-31,1,1,2000
2027-06-01,1,1,2000
2027-06-02,1,1,2000
2027-06-05,1,1,2000
2027-06-06,1,1,2000
2027-06-08,1,1,2000
2027-06-09,1,1,2000
2027-06-11,1,1,2000
2027-06-13,1,1,2000
2027-06-15,1,1,2000
2027-06-19,1,1,2000
2027-06-20,1,1,2000
2027-06-23,1,1,2000
2027-06-24,1,1,2000
2027-06-26,1,1,2000
2027-06-27,1,1,2000
2027-06-29,1,1,2000
2027-07-02,1,1,2000
2027-07-10,1,1,2000
2027-07-11,1,1,2000
2027-07-13,1,1,2000
2027-07-14,1,1,2000
2027-07-15,1,1,2000
2027-07-16,1,1,2000
2027-07-21,1,1,2000
2027-07-22,1,1,2000
2027-07-25,1,1,2000
2027-07-27,1,1,2000
2027-07-28,1,1,2000
2027-07-30,1,1,2000
2027-08-02,1,1,2000
2027-08-04,1,1,2000
2027-08-06,1,1,2000
2027-08-07,1,1,2000
2027-08-08,1,1,2000
2027-08-09,1,1,2000
2027-08-10,1,1,2000
2027-08-11,1,1,2000
2027-08-12,1,1,2000
2027-08-14,1,1,2000
2027-08-15,1,1,2000
2027-08-17,1,1,2000
2027-08-20,1,1,2000
2027-08-21,1,1,2000
2027-08-22,1,1,2000
2027-08-26,1,1,2000
2027-08-27,1,1,2000
2027-08-29,1,1,2000
2027-08-30,1,1,2000
2027-08-31,1,1,2000
2027-09-02,1,1,2000
2027-09-05,1,1,2000
2027-09-06,1,1,2000
2027-09-07,1,1,2000
2027-09-08,1,1,2000
2027-09-09,1,1,2000
2027-09-11,1,1,2000
2027-09-12,1,1,2000
2027-09-13,1,1,2000
2027-09-14,1,1,2000
2027-09-15,1,1,2000
2027-09-21,1,1,2000
2027-09-23,1,1,2000
2027-09-26,1,1,2000
2028-03-26,1,1,2000
2028-03-28,1,1,2000
2028-04-03,1,1,2000
2028-04-10,1,1,2000
2028-04-17,1,1,2000
2028-04-22,1,1,2000
2028-04-25,1,1,2000
2028-04-29,1,1,2000
2028-05-01,1,1,2000
2028-05-04,1,1,2000
2028-05-19,1,1,2000
2028-05-22,1,1,2000
2028-05-23,1,1,2000
2028-05-27,1,1,2000
2028-05-28,1,1,2000
2028-05-30,1,1,2000
2028-05-31,1,1,2000
2028-06-04,1,1,2000
2028-06-05,1,1,2000
2028-06-11,1,1,2000
2028-06-25,1,1,2000
2028-06-26,1,1,2000
2028-06-28,1,1,2000
2028-06-29,1,1,2000
2028-07-04,1,1,2000
2028-07-10,1,1,2000
2028-07-12,1,1,2000
2028-07-16,1,1,2000
2028-07-18,1,1,2000
2028-07-29,1,1,2000
2028-07-31,1,1,2000
2028-08-01,1,1,2000
2028-08-16,1,1,2000
2028-08-18,1,1,2000
2028-08-20,1,1,2000
2028-08-21,1,1,2000
2028-08-30,1,1,2000
2028-08-31,1,1,2000
2028-09-02,1,1,2000
2028-09-03,1,1,2000
2028-09-05,1,1,2000
2028-09-06,1,1,2000
2028-09-14,1,1,2000
2028-09-15,1,1,2000
2028-09-16,1,1,2000
2028-09-21,1,1,2000
2028-09-28,1,1,2000
2029-06-24,1,1,2000
