date,failte_event_count,failte_free_event_count,failte_festival_count
2026-10-03,22,6,4
2026-10-04,18,4,2
2026-10-05,7,2,2
2026-10-06,10,3,2
2026-10-07,16,4,3
2026-10-08,17,4,3
2026-10-09,17,5,3
2026-10-10,25,7,4
2026-10-11,19,4,3
2026-10-12,5,2,1
2026-10-13,9,3,1
2026-10-14,13,3,1
2026-10-15,18,5,1
2026-10-16,12,3,1
2026-10-17,15,4,1
2026-10-18,12,3,1
2026-10-19,6,1,0
2026-10-20,8,3,0
2026-10-21,12,2,0
2026-10-22,11,3,0
2026-10-23,13,3,1
2026-10-24,15,3,1
2026-10-25,13,3,1
2026-10-26,13,2,1
2026-10-27,11,2,0
2026-10-28,13,2,0
2026-10-29,19,4,0
2026-10-30,15,2,0
2026-10-31,18,1,0
2026-11-01,21,1,0
2026-11-02,10,1,0
2026-11-03,12,2,0
2026-11-04,14,3,1
2026-11-05,19,4,3
2026-11-06,20,4,2
2026-11-07,21,5,4
2026-11-08,23,4,6
2026-11-09,9,2,0
2026-11-10,13,2,0
2026-11-11,14,2,0
2026-11-12,17,2,0
2026-11-13,21,2,0
2026-11-14,20,2,0
2026-11-15,14,2,0
2026-11-16,7,1,0
2026-11-17,12,2,0
2026-11-18,13,2,0
2026-11-19,13,2,0
2026-11-20,18,2,0
2026-11-21,19,2,0
2026-11-22,15,2,0
2026-11-23,12,1,0
2026-11-24,15,2,0
2026-11-25,16,2,0
2026-11-26,22,4,0
2026-11-27,20,2,0
2026-11-28,21,2,0
2026-11-29,16,2,0
2026-11-30,13,1,0
2026-12-01,16,2,0
2026-12-02,17,2,0
2026-12-03,17,2,0
2026-12-04,18,2,0
2026-12-05,20,2,0
2026-12-06,18,3,0
2026-12-07,13,1,0
2026-12-08,17,2,0
2026-12-09,19,2,0
2026-12-10,22,2,0
2026-12-11,17,2,0
2026-12-12,23,3,0
2026-12-13,18,3,0
2026-12-14,11,1,0
2026-12-15,13,2,0
2026-12-16,14,2,0
2026-12-17,16,2,0
2026-12-18,15,1,0
2026-12-19,17,1,0
2026-12-20,16,1,0
2026-12-21,11,1,0
2026-12-22,11,1,0
2026-12-23,11,1,0
2026-12-24,6,1,0
2026-12-25,5,1,0
2026-12-26,6,1,0
2026-12-27,9,1,0
2026-12-28,8,1,0
2026-12-29,8,1,0
2026-12-30,10,1,1
2026-12-31,11,2,1
2027-01-01,6,0,1
2027-01-02,6,0,0
2027-01-03,7,0,0
2027-01-04,5,0,0
2027-01-05,6,0,0
2027-01-06,5,0,0
2027-01-07,6,0,0
2027-01-08,4,0,0
2027-01-09,4,0,0
2027-01-10,5,0,0
2027-01-11,4,0,0
2027-01-12,4,0,0
2027-01-13,4,0,0
2027-01-14,4,0,0
2027-01-15,3,0,0
2027-01-16,3,0,0
2027-01-17,4,0,0
2027-01-18,5,0,0
2027-01-19,5,0,0
2027-01-20,5,0,0
2027-01-21,5,0,0
2027-01-22,4,0,0
2027-01-23,3,0,0
2027-01-24,4,0,0
2027-01-25,5,0,0
2027-01-26,5,0,0
2027-01-27,5,0,0
2027-01-28,6,1,0
2027-01-29,4,0,0
2027-01-30,4,0,0
2027-01-31,5,0,0
2027-02-01,2,0,0
2027-02-02,2,0,0
2027-02-03,2,0,0
2027-02-04,2,0,0
2027-02-05,1,0,0
2027-02-06,1,0,0
2027-02-07,3,0,0
2027-02-08,2,0,0
2027-02-09,2,0,0
2027-02-10,2,0,0
2027-02-11,2,0,0
2027-02-12,1,0,0
2027-02-13,1,0,0
2027-02-14,4,0,0
2027-02-15,1,0,0
2027-02-16,1,0,0
2027-02-17,1,0,0
2027-02-18,1,0,0
2027-02-19,1,0,0
2027-02-21,1,0,0
2027-02-22,1,0,0
2027-02-23,1,0,0
2027-02-24,1,0,0
2027-02-25,2,1,0
2027-02-28,1,0,0
2027-03-25,1,1,0
2027-05-09,1,1,0
