timestamp_hour,temp_c,rain_mm,wind_speed_kmh,apparent_temp_c,wind_gusts_kmh,sunshine_duration_min,uv_index,precip_probability,weather_severity_flag
2026-09-29 00:00:00,13.0,0.0,5.0,12.2,11.2,0.0,0.0,0,0
2026-09-29 01:00:00,13.1,0.0,5.8,12.4,13.0,0.0,0.0,0,0
2026-09-29 02:00:00,13.9,0.0,8.3,13.0,18.4,0.0,0.0,0,0
2026-09-29 03:00:00,14.3,0.0,13.0,12.5,28.1,0.0,0.0,0,0
2026-09-29 04:00:00,14.2,0.0,14.0,12.3,30.2,0.0,0.0,0,0
2026-09-29 05:00:00,14.4,0.0,13.0,12.8,28.8,0.0,0.0,0,0
2026-09-29 06:00:00,14.3,0.0,14.8,12.4,32.0,0.0,0.0,0,0
2026-09-29 07:00:00,14.8,0.0,20.9,12.1,45.4,0.0,0.0,0,0
2026-09-29 08:00:00,15.1,0.0,20.5,12.6,44.3,0.0,0.0,2,0
2026-09-29 09:00:00,15.4,0.0,28.1,12.0,59.8,0.0,0.15,5,0
2026-09-29 10:00:00,15.5,0.0,24.5,12.7,52.9,0.0,0.3,12,0
2026-09-29 11:00:00,15.9,0.0,22.0,13.7,47.2,0.0,0.7,26,0
2026-09-29 12:00:00,16.2,0.0,23.8,13.7,52.2,0.0,0.7,44,0
2026-09-29 13:00:00,17.0,0.2,27.4,14.4,59.0,1.0431666666666668,1.65,61,0
2026-09-29 14:00:00,17.3,0.0,28.8,14.6,61.9,0.0,1.1,75,0
2026-09-29 15:00:00,17.2,0.1,18.4,16.1,40.7,0.0,0.3,87,0
2026-09-29 16:00:00,17.3,1.2,18.4,16.7,40.3,0.0,0.3,96,0
2026-09-29 17:00:00,18.0,0.2,17.6,17.6,39.2,0.0,0.15,100,0
2026-09-29 18:00:00,18.6,0.0,19.1,18.1,41.0,0.0,0.0,100,0
2026-09-29 19:00:00,18.6,0.1,21.2,17.7,46.8,0.0,0.0,100,0
2026-09-29 20:00:00,17.9,0.9,22.3,17.0,48.6,0.0,0.0,100,0
2026-09-29 21:00:00,17.8,1.3,19.4,17.3,42.1,0.0,0.0,100,1
2026-09-29 22:00:00,17.8,0.9,16.6,17.8,35.6,0.0,0.0,100,0
2026-09-29 23:00:00,17.8,0.3,9.4,18.8,20.5,0.0,0.0,97,0
2026-09-30 00:00:00,17.4,0.1,4.7,18.1,10.4,0.0,0.0,92,0
2026-09-30 01:00:00,16.5,0.5,5.0,17.4,10.8,0.0,0.0,86,0
2026-09-30 02:00:00,16.4,0.6,6.5,16.7,13.3,0.0,0.0,79,0
2026-09-30 03:00:00,15.7,0.5,3.2,16.4,7.6,0.0,0.0,70,0
2026-09-30 04:00:00,15.2,0.1,8.6,14.7,18.4,0.0,0.0,61,0
2026-09-30 05:00:00,14.8,0.0,9.4,13.8,20.2,0.0,0.0,50,0
2026-09-30 06:00:00,14.2,0.0,6.5,13.7,13.7,0.0,0.0,39,0
2026-09-30 07:00:00,14.3,0.0,8.6,13.3,18.4,0.0,0.0,31,0
2026-09-30 08:00:00,14.7,0.0,10.1,13.1,21.2,10.9985,0.0,25,0
2026-09-30 09:00:00,15.2,0.0,15.8,12.2,33.8,60.0,0.25,21,0
2026-09-30 10:00:00,16.1,0.0,11.2,14.0,23.8,60.0,0.75,25,0
2026-09-30 11:00:00,17.3,0.0,19.1,13.7,40.7,60.0,1.5,41,0
2026-09-30 12:00:00,17.7,0.0,15.8,14.8,33.8,60.0,1.85,65,0
2026-09-30 13:00:00,18.6,0.0,17.3,15.6,36.4,60.0,1.9,82,0
2026-09-30 14:00:00,18.8,0.0,20.2,15.2,42.5,60.0,2.0,88,0
2026-09-30 15:00:00,16.5,0.7,11.9,15.2,24.8,60.0,1.7,88,0
2026-09-30 16:00:00,17.8,0.0,18.4,14.6,37.1,60.0,0.95,82,0
2026-09-30 17:00:00,17.8,0.0,16.9,14.7,34.6,39.9795,0.3,69,0
2026-09-30 18:00:00,17.4,0.0,18.7,14.1,38.2,0.0,0.0,52,0
2026-09-30 19:00:00,14.7,1.3,10.4,13.4,22.3,0.0,0.0,35,1
2026-09-30 20:00:00,14.7,0.0,14.0,12.5,29.9,0.0,0.0,21,0
2026-09-30 21:00:00,14.1,0.0,13.7,11.9,28.4,0.0,0.0,8,0
2026-09-30 22:00:00,13.8,0.0,13.3,11.5,28.1,0.0,0.0,0,0
2026-09-30 23:00:00,13.4,0.0,11.9,11.2,25.2,0.0,0.0,0,0
2026-10-01 00:00:00,13.0,0.0,10.4,11.1,22.0,0.0,0.0,0,0
2026-10-01 01:00:00,12.7,0.0,8.3,10.8,17.3,0.0,0.0,2,0
2026-10-01 02:00:00,12.6,0.0,13.0,10.1,25.5,0.0,0.0,2,0
2026-10-01 03:00:00,12.4,0.0,13.3,9.8,24.5,0.0,0.0,1,0
2026-10-01 04:00:00,12.3,0.0,15.0,9.4,26.1,0.0,0.0,0,0
2026-10-01 05:00:00,12.2,0.0,16.9,9.0,28.1,0.0,0.0,0,0
2026-10-01 06:00:00,11.9,0.0,16.6,8.8,27.7,0.0,0.0,0,0
2026-10-01 07:00:00,11.7,0.0,16.6,8.5,27.4,0.0,0.0,0,0
2026-10-01 08:00:00,11.6,0.0,13.7,8.7,23.0,11.764833333333334,0.05,0,0
2026-10-01 09:00:00,12.0,0.0,13.3,9.1,23.0,60.0,0.45,0,0
2026-10-01 10:00:00,12.5,0.0,13.3,9.6,23.8,60.0,1.25,0,0
2026-10-01 11:00:00,13.4,0.0,13.7,10.5,25.2,60.0,2.1,0,0
2026-10-01 12:00:00,14.5,0.0,14.4,11.4,27.4,60.0,2.9,0,0
2026-10-01 13:00:00,15.5,0.0,15.8,12.1,29.9,60.0,3.4,0,0
2026-10-01 14:00:00,16.1,0.0,18.0,12.4,32.8,60.0,3.5,1,0
2026-10-01 15:00:00,16.5,0.0,20.5,12.5,36.0,60.0,3.15,2,0
2026-10-01 16:00:00,16.7,0.0,22.7,12.4,38.2,60.0,2.45,6,0
2026-10-01 17:00:00,16.6,0.0,23.8,12.2,39.2,60.0,1.5,16,0
2026-10-01 18:00:00,16.2,0.0,24.1,12.0,39.6,5.167,0.7,28,0
2026-10-01 19:00:00,15.8,0.0,24.1,11.8,39.2,11.1565,0.15,39,0
2026-10-01 20:00:00,15.5,0.3,23.8,11.8,38.2,0.0,0.0,47,0
2026-10-01 21:00:00,15.1,0.3,22.7,12.0,36.0,0.0,0.0,53,0
2026-10-01 22:00:00,14.9,0.3,21.6,12.1,34.2,0.0,0.0,55,0
2026-10-01 23:00:00,14.9,0.8,20.2,12.5,32.4,0.0,0.0,50,0
2026-10-02 00:00:00,15.0,0.8,18.7,12.9,31.0,0.0,0.0,40,0
2026-10-02 01:00:00,15.1,0.8,18.0,13.1,29.9,0.0,0.0,31,0
2026-10-02 02:00:00,15.1,0.0,18.0,13.1,29.9,0.0,0.0,22,0
2026-10-02 03:00:00,15.1,0.0,18.4,12.9,30.2,0.0,0.0,14,0
2026-10-02 04:00:00,15.1,0.0,19.1,12.7,31.0,0.0,0.0,8,0
2026-10-02 05:00:00,14.9,0.0,19.8,12.3,32.4,0.0,0.0,7,0
2026-10-02 06:00:00,14.6,0.0,20.5,11.9,33.8,0.0,0.0,10,0
2026-10-02 07:00:00,14.4,0.0,20.9,11.6,34.6,0.0,0.0,12,0
2026-10-02 08:00:00,14.2,0.0,19.8,11.5,33.1,0.0,0.0,14,0
2026-10-02 09:00:00,14.1,0.0,18.4,11.6,31.0,40.34883333333333,0.05,16,0
2026-10-02 10:00:00,14.2,0.0,17.3,11.8,29.9,60.0,1.1,18,0
2026-10-02 11:00:00,14.8,0.0,17.6,12.2,31.0,60.0,1.7,18,0
2026-10-02 12:00:00,15.5,0.0,18.7,12.5,32.8,60.0,2.3,18,0
2026-10-02 13:00:00,16.2,0.0,19.4,12.8,34.6,60.0,2.8,22,0
2026-10-02 14:00:00,16.6,0.0,20.2,13.0,36.0,60.0,2.9,34,0
2026-10-02 15:00:00,17.0,0.0,20.9,13.2,37.1,60.0,2.25,49,0
2026-10-02 16:00:00,17.1,0.0,20.9,13.2,37.1,60.0,1.65,59,0
2026-10-02 17:00:00,16.9,0.0,19.8,13.1,34.6,45.80166666666666,1.25,58,0
2026-10-02 18:00:00,16.4,0.0,18.0,12.8,30.6,18.319833333333335,0.6,52,0
2026-10-02 19:00:00,15.8,0.0,16.6,12.4,27.4,0.0,0.15,45,0
2026-10-02 20:00:00,15.1,0.0,15.5,11.9,25.2,0.0,0.0,38,0
2026-10-02 21:00:00,14.2,0.0,14.4,11.3,23.0,0.0,0.0,31,0
2026-10-02 22:00:00,13.5,0.0,13.3,10.8,21.6,0.0,0.0,24,0
2026-10-02 23:00:00,12.9,0.0,12.6,10.4,20.5,0.0,0.0,18,0
2026-10-03 00:00:00,12.5,0.0,12.2,10.0,19.8,0.0,0.0,13,0
2026-10-03 01:00:00,12.0,0.0,11.5,9.7,18.4,0.0,0.0,10,0
2026-10-03 02:00:00,11.6,0.0,10.1,9.5,15.8,0.0,0.0,12,0
2026-10-03 03:00:00,11.3,0.0,7.9,9.5,12.6,0.0,0.0,16,0
2026-10-03 04:00:00,10.9,0.0,6.5,9.4,10.1,0.0,0.0,18,0
2026-10-03 05:00:00,10.3,0.0,5.4,9.0,8.3,0.0,0.0,16,0
2026-10-03 06:00:00,9.7,0.0,5.0,8.5,7.2,0.0,0.0,13,0
2026-10-03 07:00:00,9.6,0.0,5.4,8.5,7.6,0.0,0.0,10,0
2026-10-03 08:00:00,10.6,0.0,7.2,9.3,10.4,0.0,0.05,10,0
2026-10-03 09:00:00,12.2,0.0,10.1,10.3,14.8,28.21466666666667,0.45,10,0
2026-10-03 10:00:00,13.6,0.0,12.2,11.2,18.4,60.0,1.2,12,0
2026-10-03 11:00:00,14.3,0.0,13.3,11.8,20.5,60.0,2.05,15,0
2026-10-03 12:00:00,14.8,0.0,13.7,12.2,22.0,60.0,2.7,19,0
2026-10-03 13:00:00,15.2,0.0,14.4,12.5,23.8,60.0,2.65,22,0
2026-10-03 14:00:00,15.6,0.0,15.5,12.8,25.9,60.0,3.3,23,0
2026-10-03 15:00:00,15.9,0.0,16.9,13.0,27.7,60.0,2.75,22,0
2026-10-03 16:00:00,15.9,0.0,18.4,13.1,29.9,60.0,2.25,20,0
2026-10-03 17:00:00,15.3,0.4,19.8,12.6,32.4,60.0,1.35,17,0
2026-10-03 18:00:00,14.4,0.4,21.2,11.9,34.6,60.0,0.65,12,0
2026-10-03 19:00:00,13.9,0.4,21.6,11.5,35.3,50.967333333333336,0.15,8,0
2026-10-03 20:00:00,14.0,0.1,20.9,11.9,33.1,0.0,0.0,5,0
2026-10-03 21:00:00,14.5,0.1,19.4,12.6,29.5,0.0,0.0,2,0
2026-10-03 22:00:00,14.7,0.1,17.3,13.1,25.6,0.0,0.0,0,0
2026-10-03 23:00:00,14.2,0.0,14.8,12.9,20.9,0.0,0.0,0,0
2026-10-04 00:00:00,13.4,0.0,11.5,12.4,15.8,0.0,0.0,1,0
2026-10-04 01:00:00,12.8,0.0,9.4,12.1,12.2,0.0,0.0,2,0
2026-10-04 02:00:00,12.8,0.0,8.3,12.2,11.2,0.0,0.0,2,0
2026-10-04 03:00:00,13.0,0.0,7.9,12.4,11.2,0.0,0.0,2,0
2026-10-04 04:00:00,13.2,0.0,8.3,12.5,12.2,0.0,0.0,2,0
2026-10-04 05:00:00,13.2,0.0,9.4,12.4,14.0,0.0,0.0,2,0
2026-10-04 06:00:00,13.2,0.0,10.4,12.3,16.6,0.0,0.0,2,0
2026-10-04 07:00:00,13.3,0.0,11.5,12.3,18.4,0.0,0.0,2,0
2026-10-04 08:00:00,13.4,0.0,11.5,12.5,18.7,0.0,0.0,2,0
2026-10-04 09:00:00,13.5,0.0,11.2,12.8,18.4,34.057833333333335,0.45,2,0
2026-10-04 10:00:00,13.8,0.0,10.8,13.1,18.4,42.0035,1.25,2,0
2026-10-04 11:00:00,14.4,0.0,11.2,13.5,19.8,17.896166666666666,2.15,2,0
2026-10-04 12:00:00,14.7,0.0,11.2,13.8,20.2,23.06683333333333,2.75,3,0
2026-10-04 13:00:00,15.0,0.0,11.2,14.0,20.2,33.51316666666666,3.05,4,0
2026-10-04 14:00:00,15.2,0.0,11.2,14.2,20.2,60.0,3.05,5,0
2026-10-04 15:00:00,15.5,0.0,11.2,14.3,19.8,60.0,2.75,7,0
2026-10-04 16:00:00,15.7,0.0,11.2,14.4,19.4,60.0,2.15,8,0
2026-10-04 17:00:00,15.9,0.0,11.2,14.4,19.1,60.0,1.45,9,0
2026-10-04 18:00:00,16.0,0.0,11.5,14.4,19.1,60.0,0.75,10,0
2026-10-04 19:00:00,15.9,0.0,11.9,14.1,19.4,14.948,0.1,10,0
2026-10-04 20:00:00,15.6,0.0,12.6,13.7,20.5,0.0,0.0,9,0
2026-10-04 21:00:00,15.0,0.0,13.7,13.0,22.7,0.0,0.0,8,0
2026-10-04 22:00:00,14.4,0.0,14.8,12.2,24.8,0.0,0.0,6,0
2026-10-04 23:00:00,13.7,0.0,15.8,11.4,27.0,0.0,0.0,5,0
2026-10-05 00:00:00,13.2,0.0,16.6,10.7,28.4,0.0,0.0,3,0
2026-10-05 01:00:00,12.8,0.0,16.9,10.3,29.2,0.0,0.0,2,0
2026-10-05 02:00:00,12.6,0.0,16.6,10.2,28.8,0.0,0.0,1,0
2026-10-05 03:00:00,12.5,0.0,15.8,10.1,27.4,0.0,0.0,1,0
2026-10-05 04:00:00,12.5,0.0,14.8,10.3,25.6,0.0,0.0,1,0
2026-10-05 05:00:00,12.6,0.0,13.7,10.5,23.4,0.0,0.0,1,0
2026-10-05 06:00:00,12.8,0.0,12.6,10.9,22.0,0.0,0.0,2,0
2026-10-05 07:00:00,13.1,0.0,12.2,11.3,21.2,0.0,0.0,2,0
2026-10-05 08:00:00,13.6,0.0,12.2,11.8,21.6,0.0,0.0,2,0
2026-10-05 09:00:00,14.3,0.0,12.6,12.6,22.3,36.42716666666667,0.5,3,0
2026-10-05 10:00:00,15.1,0.0,13.0,13.5,23.8,52.73166666666667,1.3,3,0
2026-10-05 11:00:00,15.9,0.0,15.0,14.4,28.4,55.26766666666666,2.15,3,0
2026-10-05 12:00:00,16.8,0.0,16.4,15.2,33.3,53.72933333333334,2.8,4,0
2026-10-05 13:00:00,17.3,0.0,17.7,15.6,37.8,50.73316666666666,3.15,4,0
2026-10-05 14:00:00,17.6,0.0,18.1,15.9,41.8,32.18816666666667,3.2,5,0
2026-10-05 15:00:00,17.7,0.0,16.9,16.2,42.1,29.076166666666666,2.9,5,0
2026-10-05 16:00:00,17.6,0.0,15.6,16.4,41.8,25.813666666666666,2.3,6,0
2026-10-05 17:00:00,17.5,0.0,14.2,16.6,41.4,21.917666666666666,1.55,7,0
2026-10-05 18:00:00,17.3,0.0,13.2,16.5,41.0,15.1605,0.8,7,0
2026-10-05 19:00:00,17.1,0.0,12.8,16.4,40.3,0.0,0.1,8,0
2026-10-05 20:00:00,16.8,0.0,13.0,16.1,39.6,0.0,0.0,9,0
2026-10-05 21:00:00,16.4,0.0,13.8,15.5,38.2,0.0,0.0,11,0
2026-10-05 22:00:00,16.0,0.0,15.0,14.8,37.1,0.0,0.0,13,0
2026-10-05 23:00:00,15.6,0.0,16.3,14.1,35.6,0.0,0.0,15,0
